

Id                         : Dateline Standard Time
DisplayName                : (UTC-12:00) International datolinje, vest
StandardName               : Datolinje, normaltid
DaylightName               : Datolinje, sommertid
BaseUtcOffset              : -12:00:00
SupportsDaylightSavingTime : False

Id                         : UTC-11
DisplayName                : (UTC-11:00) Coordinated Universal Time-11
StandardName               : UTC-11
DaylightName               : UTC-11
BaseUtcOffset              : -11:00:00
SupportsDaylightSavingTime : False

Id                         : Aleutian Standard Time
DisplayName                : (UTC-10:00) Aleuterne
StandardName               : Aleutian, normaltid
DaylightName               : Aleutian, sommertid
BaseUtcOffset              : -10:00:00
SupportsDaylightSavingTime : True

Id                         : Hawaiian Standard Time
DisplayName                : (UTC-10:00) Hawaii
StandardName               : Hawaii, normaltid
DaylightName               : Hawaii, sommertid
BaseUtcOffset              : -10:00:00
SupportsDaylightSavingTime : False

Id                         : Marquesas Standard Time
DisplayName                : (UTC-09:30) Marquesas-oerne
StandardName               : Marquesas, normaltid
DaylightName               : Marquesas, sommertid
BaseUtcOffset              : -09:30:00
SupportsDaylightSavingTime : False

Id                         : Alaskan Standard Time
DisplayName                : (UTC-09:00) Alaska
StandardName               : Alaska, normaltid
DaylightName               : Alaska, sommertid
BaseUtcOffset              : -09:00:00
SupportsDaylightSavingTime : True

Id                         : UTC-09
DisplayName                : (UTC-09:00) Coordinated Universal Time-09
StandardName               : UTC-09
DaylightName               : UTC-09
BaseUtcOffset              : -09:00:00
SupportsDaylightSavingTime : False

Id                         : Pacific Standard Time (Mexico)
DisplayName                : (UTC-08:00) Baja California
StandardName               : Pacific, normaltid (Mexico)
DaylightName               : Pacific, sommertid (Mexico)
BaseUtcOffset              : -08:00:00
SupportsDaylightSavingTime : True

Id                         : UTC-08
DisplayName                : (UTC-08:00) Coordinated Universal Time-08
StandardName               : UTC-08
DaylightName               : UTC-08
BaseUtcOffset              : -08:00:00
SupportsDaylightSavingTime : False

Id                         : Pacific Standard Time
DisplayName                : (UTC-08:00) Pacific Time (USA og Canada)
StandardName               : Pacific, normaltid
DaylightName               : Pacific, sommertid
BaseUtcOffset              : -08:00:00
SupportsDaylightSavingTime : True

Id                         : US Mountain Standard Time
DisplayName                : (UTC-07:00) Arizona
StandardName               : USA (Mountain), normaltid
DaylightName               : USA (Mountain), sommertid
BaseUtcOffset              : -07:00:00
SupportsDaylightSavingTime : False

Id                         : Mountain Standard Time (Mexico)
DisplayName                : (UTC-07:00) Chihuahua, La Paz, Mazatlan
StandardName               : Mountain, normaltid (Mexico)
DaylightName               : Mountain, sommertid (Mexico)
BaseUtcOffset              : -07:00:00
SupportsDaylightSavingTime : True

Id                         : Mountain Standard Time
DisplayName                : (UTC-07:00) Mountain Time (USA og Canada)
StandardName               : Mountain, normaltid
DaylightName               : Mountain, sommertid
BaseUtcOffset              : -07:00:00
SupportsDaylightSavingTime : True

Id                         : Yukon Standard Time
DisplayName                : (UTC-07:00) Yukon
StandardName               : Yukon, normaltid
DaylightName               : Yukon, sommertid
BaseUtcOffset              : -07:00:00
SupportsDaylightSavingTime : True

Id                         : Central Standard Time
DisplayName                : (UTC-06:00) Central Time (US og Canada)
StandardName               : Central, normaltid
DaylightName               : Central, sommertid
BaseUtcOffset              : -06:00:00
SupportsDaylightSavingTime : True

Id                         : Central Standard Time (Mexico)
DisplayName                : (UTC-06:00) Guadalajara, Mexico City, Monterrey
StandardName               : Central, normaltid (Mexico)
DaylightName               : Central, sommertid (Mexico)
BaseUtcOffset              : -06:00:00
SupportsDaylightSavingTime : True

Id                         : Central America Standard Time
DisplayName                : (UTC-06:00) Mellemamerika
StandardName               : Mellemamerika, normaltid
DaylightName               : Mellemamerika, sommertid
BaseUtcOffset              : -06:00:00
SupportsDaylightSavingTime : False

Id                         : Easter Island Standard Time
DisplayName                : (UTC-06:00) PÜskeoen
StandardName               : PÜskeoen, normaltid
DaylightName               : PÜskeoen, sommertid
BaseUtcOffset              : -06:00:00
SupportsDaylightSavingTime : True

Id                         : Canada Central Standard Time
DisplayName                : (UTC-06:00) Saskatchewan
StandardName               : Canada Central, normaltid
DaylightName               : Canada Central, sommertid
BaseUtcOffset              : -06:00:00
SupportsDaylightSavingTime : False

Id                         : SA Pacific Standard Time
DisplayName                : (UTC-05:00) Bogota, Lima, Quito, Rio Branco
StandardName               : S. Amerika (St.havet) normaltid
DaylightName               : S. Amerika (St.havet) sommertid
BaseUtcOffset              : -05:00:00
SupportsDaylightSavingTime : False

Id                         : Eastern Standard Time (Mexico)
DisplayName                : (UTC-05:00) Chetumal
StandardName               : Eastern, normaltid (Mexico)
DaylightName               : Eastern, sommertid (Mexico)
BaseUtcOffset              : -05:00:00
SupportsDaylightSavingTime : True

Id                         : Eastern Standard Time
DisplayName                : (UTC-05:00) Eastern Time (USA og Canada)
StandardName               : Eastern, normaltid
DaylightName               : Eastern, sommertid
BaseUtcOffset              : -05:00:00
SupportsDaylightSavingTime : True

Id                         : Haiti Standard Time
DisplayName                : (UTC-05:00) Haiti
StandardName               : Haiti, normaltid
DaylightName               : Haiti, sommertid
BaseUtcOffset              : -05:00:00
SupportsDaylightSavingTime : True

Id                         : Cuba Standard Time
DisplayName                : (UTC-05:00) Havana
StandardName               : Cuba, normaltid
DaylightName               : Cuba, sommertid
BaseUtcOffset              : -05:00:00
SupportsDaylightSavingTime : True

Id                         : US Eastern Standard Time
DisplayName                : (UTC-05:00) Indiana (Ost)
StandardName               : USA (Ost), normaltid
DaylightName               : USA (Ost), sommertid
BaseUtcOffset              : -05:00:00
SupportsDaylightSavingTime : True

Id                         : Turks And Caicos Standard Time
DisplayName                : (UTC-05:00) Turks- og Caicosoerne
StandardName               : Turks- og Caicosoerne normaltid
DaylightName               : Turks- og Caicosoerne sommertid
BaseUtcOffset              : -05:00:00
SupportsDaylightSavingTime : True

Id                         : Paraguay Standard Time
DisplayName                : (UTC-04:00) Asuncion
StandardName               : Paraguay, normaltid
DaylightName               : Paraguay, sommertid
BaseUtcOffset              : -04:00:00
SupportsDaylightSavingTime : True

Id                         : Atlantic Standard Time
DisplayName                : (UTC-04:00) Atlantic time (Canada)
StandardName               : Atlantic, normaltid
DaylightName               : Atlantic, sommertid
BaseUtcOffset              : -04:00:00
SupportsDaylightSavingTime : True

Id                         : Venezuela Standard Time
DisplayName                : (UTC-04:00) Caracas
StandardName               : Venezuela, normaltid
DaylightName               : Venezuela, sommertid
BaseUtcOffset              : -04:00:00
SupportsDaylightSavingTime : True

Id                         : Central Brazilian Standard Time
DisplayName                : (UTC-04:00) Cuiaba
StandardName               : Centralbrasilien, normaltid
DaylightName               : Centralbrasilien, sommertid
BaseUtcOffset              : -04:00:00
SupportsDaylightSavingTime : True

Id                         : SA Western Standard Time
DisplayName                : (UTC-04:00) Georgetown, La Paz, Manaus, San Juan
StandardName               : Sydamerika (vest), normaltid
DaylightName               : Sydamerika (vest), sommertid
BaseUtcOffset              : -04:00:00
SupportsDaylightSavingTime : False

Id                         : Pacific SA Standard Time
DisplayName                : (UTC-04:00) Santiago
StandardName               : Sydamerika (St.havet) normaltid
DaylightName               : Sydamerika (St.havet) sommertid
BaseUtcOffset              : -04:00:00
SupportsDaylightSavingTime : True

Id                         : Newfoundland Standard Time
DisplayName                : (UTC-03:30) Newfoundland
StandardName               : Newfoundland, normaltid
DaylightName               : Newfoundland, sommertid
BaseUtcOffset              : -03:30:00
SupportsDaylightSavingTime : True

Id                         : Tocantins Standard Time
DisplayName                : (UTC-03:00) Aragua°na
StandardName               : Tocantins, normaltid
DaylightName               : Tocantins, sommertid
BaseUtcOffset              : -03:00:00
SupportsDaylightSavingTime : True

Id                         : E. South America Standard Time
DisplayName                : (UTC-03:00) Brasilien
StandardName               : Sydamerika (ost), normaltid
DaylightName               : Sydamerika (ost), sommertid
BaseUtcOffset              : -03:00:00
SupportsDaylightSavingTime : True

Id                         : Argentina Standard Time
DisplayName                : (UTC-03:00) Buenos Aires
StandardName               : Argentina, normaltid
DaylightName               : Argentina, sommertid
BaseUtcOffset              : -03:00:00
SupportsDaylightSavingTime : True

Id                         : SA Eastern Standard Time
DisplayName                : (UTC-03:00) Cayenne, Fortaleza
StandardName               : O. Sydamerika, normaltid
DaylightName               : O. Sydamerika, sommertid
BaseUtcOffset              : -03:00:00
SupportsDaylightSavingTime : False

Id                         : Greenland Standard Time
DisplayName                : (UTC-03:00) Gronland
StandardName               : Gronland, normaltid
DaylightName               : Gronland, sommertid
BaseUtcOffset              : -03:00:00
SupportsDaylightSavingTime : True

Id                         : Montevideo Standard Time
DisplayName                : (UTC-03:00) Montevideo
StandardName               : Montevideo, normaltid
DaylightName               : Montevideo, sommertid
BaseUtcOffset              : -03:00:00
SupportsDaylightSavingTime : True

Id                         : Magallanes Standard Time
DisplayName                : (UTC-03:00) Punta Arenas
StandardName               : Magallanes, normaltid
DaylightName               : Magallanes, sommertid
BaseUtcOffset              : -03:00:00
SupportsDaylightSavingTime : True

Id                         : Saint Pierre Standard Time
DisplayName                : (UTC-03:00) Saint Pierre og Miquelon
StandardName               : Saint Pierre, normaltid
DaylightName               : Saint Pierre, sommertid
BaseUtcOffset              : -03:00:00
SupportsDaylightSavingTime : True

Id                         : Bahia Standard Time
DisplayName                : (UTC-03:00) Salvador
StandardName               : Bahia, normaltid
DaylightName               : Bahia, sommertid
BaseUtcOffset              : -03:00:00
SupportsDaylightSavingTime : True

Id                         : UTC-02
DisplayName                : (UTC-02:00) Coordinated Universal Time-02
StandardName               : UTC-02
DaylightName               : UTC-02
BaseUtcOffset              : -02:00:00
SupportsDaylightSavingTime : False

Id                         : Mid-Atlantic Standard Time
DisplayName                : (UTC-02:00) Mid-Atlantic - gammel
StandardName               : Mid-Atlantic, normaltid
DaylightName               : Mid-Atlantic, sommertid
BaseUtcOffset              : -02:00:00
SupportsDaylightSavingTime : True

Id                         : Azores Standard Time
DisplayName                : (UTC-01:00) Azorerne
StandardName               : Azorerne, normaltid
DaylightName               : Azorerne, sommertid
BaseUtcOffset              : -01:00:00
SupportsDaylightSavingTime : True

Id                         : Cape Verde Standard Time
DisplayName                : (UTC-01:00) Cabo Verde
StandardName               : Cabo Verde, normaltid
DaylightName               : Cabo Verde, sommertid
BaseUtcOffset              : -01:00:00
SupportsDaylightSavingTime : False

Id                         : UTC
DisplayName                : (UTC) Coordinated Universal Time
StandardName               : Coordinated Universal Time
DaylightName               : Coordinated Universal Time
BaseUtcOffset              : 00:00:00
SupportsDaylightSavingTime : False

Id                         : GMT Standard Time
DisplayName                : (UTC+00:00) Dublin, Edinburgh, Lissabon, London
StandardName               : GMT, normaltid
DaylightName               : GMT, sommertid
BaseUtcOffset              : 00:00:00
SupportsDaylightSavingTime : True

Id                         : Greenwich Standard Time
DisplayName                : (UTC+00:00) Monrovia, Reykjavik
StandardName               : Greenwich, normaltid
DaylightName               : Greenwich, sommertid
BaseUtcOffset              : 00:00:00
SupportsDaylightSavingTime : False

Id                         : Sao Tome Standard Time
DisplayName                : (UTC+00:00) Sao Tome
StandardName               : Sao TomÇ, normaltid
DaylightName               : Sao TomÇ, sommertid
BaseUtcOffset              : 00:00:00
SupportsDaylightSavingTime : True

Id                         : Morocco Standard Time
DisplayName                : (UTC+01:00) Casablanca
StandardName               : Marokko, normaltid
DaylightName               : Marokko, sommertid
BaseUtcOffset              : 00:00:00
SupportsDaylightSavingTime : True

Id                         : Central Europe Standard Time
DisplayName                : (UTC+01:00) Beograd, Bratislava, Budapest, Ljubljana, Prag
StandardName               : Centraleuropa, normaltid
DaylightName               : Centraleuropa, sommertid
BaseUtcOffset              : 01:00:00
SupportsDaylightSavingTime : True

Id                         : W. Europe Standard Time
DisplayName                : (UTC+01:00) Bruxelles, Berlin, Bern, Rom, Amsterdam, Wien
StandardName               : Vesteuropa, normaltid
DaylightName               : Vesteuropa, sommertid
BaseUtcOffset              : 01:00:00
SupportsDaylightSavingTime : True

Id                         : Romance Standard Time
DisplayName                : (UTC+01:00) Kobenhavn, Stockholm, Oslo, Madrid, Paris
StandardName               : Rom, normaltid
DaylightName               : Rom, sommertid
BaseUtcOffset              : 01:00:00
SupportsDaylightSavingTime : True

Id                         : Central European Standard Time
DisplayName                : (UTC+01:00) Sarajevo, Skopje, Warszawa, Zagreb
StandardName               : Centr. Europa, normaltid
DaylightName               : Centr. Europa, sommertid
BaseUtcOffset              : 01:00:00
SupportsDaylightSavingTime : True

Id                         : W. Central Africa Standard Time
DisplayName                : (UTC+01:00) V. Centralafrika
StandardName               : V. Centralafrika, normaltid
DaylightName               : V. Centralafrika, sommertid
BaseUtcOffset              : 01:00:00
SupportsDaylightSavingTime : False

Id                         : Jordan Standard Time
DisplayName                : (UTC+02:00) Amman
StandardName               : Jordansk normaltid
DaylightName               : Jordansk sommertid
BaseUtcOffset              : 02:00:00
SupportsDaylightSavingTime : True

Id                         : GTB Standard Time
DisplayName                : (UTC+02:00) Athen, Bukarest
StandardName               : GTB, normaltid
DaylightName               : GTB, sommertid
BaseUtcOffset              : 02:00:00
SupportsDaylightSavingTime : True

Id                         : Middle East Standard Time
DisplayName                : (UTC+02:00) Beirut
StandardName               : Mellemosten, normaltid
DaylightName               : Mellemosten, sommertid
BaseUtcOffset              : 02:00:00
SupportsDaylightSavingTime : True

Id                         : E. Europe Standard Time
DisplayName                : (UTC+02:00) Chisinau
StandardName               : Osteuropa, normaltid
DaylightName               : Osteuropa, sommertid
BaseUtcOffset              : 02:00:00
SupportsDaylightSavingTime : True

Id                         : Syria Standard Time
DisplayName                : (UTC+02:00) Damascus
StandardName               : Syrien, normaltid
DaylightName               : Syrien, sommertid
BaseUtcOffset              : 02:00:00
SupportsDaylightSavingTime : True

Id                         : West Bank Standard Time
DisplayName                : (UTC+02:00) Gaza, Hebron
StandardName               : Vestbredden Gaza, normaltid
DaylightName               : Vestbredden Gaza, sommertid
BaseUtcOffset              : 02:00:00
SupportsDaylightSavingTime : True

Id                         : South Africa Standard Time
DisplayName                : (UTC+02:00) Harare, Pretoria
StandardName               : Sydafrika, normaltid
DaylightName               : Sydafrika, sommertid
BaseUtcOffset              : 02:00:00
SupportsDaylightSavingTime : False

Id                         : FLE Standard Time
DisplayName                : (UTC+02:00) Helsinki, Kiev, Riga, Sofia, Tallinn, Vilnius
StandardName               : FLE, normaltid
DaylightName               : FLE, sommertid
BaseUtcOffset              : 02:00:00
SupportsDaylightSavingTime : True

Id                         : Israel Standard Time
DisplayName                : (UTC+02:00) Jerusalem
StandardName               : Jerusalem, normaltid
DaylightName               : Jerusalem, sommertid
BaseUtcOffset              : 02:00:00
SupportsDaylightSavingTime : True

Id                         : South Sudan Standard Time
DisplayName                : (UTC+02:00) Juba
StandardName               : Sydsudan, normaltid
DaylightName               : Sydsudan, sommertid
BaseUtcOffset              : 02:00:00
SupportsDaylightSavingTime : True

Id                         : Egypt Standard Time
DisplayName                : (UTC+02:00) Kairo
StandardName               : Egypten, normaltid
DaylightName               : Egypten, sommertid
BaseUtcOffset              : 02:00:00
SupportsDaylightSavingTime : True

Id                         : Kaliningrad Standard Time
DisplayName                : (UTC+02:00) Kaliningrad
StandardName               : Rusland TZ 1 normaltid
DaylightName               : Rusland TZ 1 sommertid
BaseUtcOffset              : 02:00:00
SupportsDaylightSavingTime : True

Id                         : Sudan Standard Time
DisplayName                : (UTC+02:00) Khartoum
StandardName               : Sudan, normaltid
DaylightName               : Sudan, sommertid
BaseUtcOffset              : 02:00:00
SupportsDaylightSavingTime : True

Id                         : Libya Standard Time
DisplayName                : (UTC+02:00) Tripoli
StandardName               : Libyen, normal tid
DaylightName               : Libyen, sommertid
BaseUtcOffset              : 02:00:00
SupportsDaylightSavingTime : True

Id                         : Namibia Standard Time
DisplayName                : (UTC+02:00) Windhoek
StandardName               : Namibisk normaltid
DaylightName               : Namibisk sommertid
BaseUtcOffset              : 02:00:00
SupportsDaylightSavingTime : True

Id                         : Arabic Standard Time
DisplayName                : (UTC+03:00) Bagdad
StandardName               : Arabisk, normaltid
DaylightName               : Arabisk, sommertid
BaseUtcOffset              : 03:00:00
SupportsDaylightSavingTime : True

Id                         : Turkey Standard Time
DisplayName                : (UTC+03:00) Istanbul
StandardName               : Tyrkiet, normaltid
DaylightName               : Tyrkiet, sommertid
BaseUtcOffset              : 03:00:00
SupportsDaylightSavingTime : True

Id                         : Arab Standard Time
DisplayName                : (UTC+03:00) Kuwait, Riyadh
StandardName               : Arab. normaltid
DaylightName               : Arab. sommertid
BaseUtcOffset              : 03:00:00
SupportsDaylightSavingTime : False

Id                         : Belarus Standard Time
DisplayName                : (UTC+03:00) Minsk
StandardName               : Hviderusland normaltid
DaylightName               : Hviderusland sommertid
BaseUtcOffset              : 03:00:00
SupportsDaylightSavingTime : True

Id                         : Russian Standard Time
DisplayName                : (UTC+03:00) Moskva, Sankt Petersborg
StandardName               : Rusland TZ 2 normaltid
DaylightName               : Rusland TZ 2 sommertid
BaseUtcOffset              : 03:00:00
SupportsDaylightSavingTime : True

Id                         : E. Africa Standard Time
DisplayName                : (UTC+03:00) Nairobi
StandardName               : Ostafrika, normaltid
DaylightName               : Ostafrika, sommertid
BaseUtcOffset              : 03:00:00
SupportsDaylightSavingTime : False

Id                         : Iran Standard Time
DisplayName                : (UTC+03:30) Teheran
StandardName               : Iran, normaltid
DaylightName               : Iran, sommertid
BaseUtcOffset              : 03:30:00
SupportsDaylightSavingTime : True

Id                         : Arabian Standard Time
DisplayName                : (UTC+04:00) Abu Dhabi, Muscat
StandardName               : Arabien, normaltid
DaylightName               : Arabien, sommertid
BaseUtcOffset              : 04:00:00
SupportsDaylightSavingTime : False

Id                         : Astrakhan Standard Time
DisplayName                : (UTC+04:00) Astrakhan, Uljanovsk
StandardName               : Astrakhan, normaltid
DaylightName               : Astrakhan, sommertid
BaseUtcOffset              : 04:00:00
SupportsDaylightSavingTime : True

Id                         : Azerbaijan Standard Time
DisplayName                : (UTC+04:00) Baku
StandardName               : Aserbajdsjansk normaltid
DaylightName               : Aserbajdsjansk sommertid
BaseUtcOffset              : 04:00:00
SupportsDaylightSavingTime : True

Id                         : Russia Time Zone 3
DisplayName                : (UTC+04:00) Isjevsk, Samara
StandardName               : Rusland TZ 3 normaltid
DaylightName               : Rusland TZ 3 sommertid
BaseUtcOffset              : 04:00:00
SupportsDaylightSavingTime : True

Id                         : Mauritius Standard Time
DisplayName                : (UTC+04:00) Port Louis
StandardName               : Mauritius - standardtid
DaylightName               : Mauritius - sommertid
BaseUtcOffset              : 04:00:00
SupportsDaylightSavingTime : True

Id                         : Saratov Standard Time
DisplayName                : (UTC+04:00) Saratov
StandardName               : Saratov, normaltid
DaylightName               : Saratov, sommertid
BaseUtcOffset              : 04:00:00
SupportsDaylightSavingTime : True

Id                         : Georgian Standard Time
DisplayName                : (UTC+04:00) Tbilisi
StandardName               : Georgisk normaltid
DaylightName               : Georgisk sommertid
BaseUtcOffset              : 04:00:00
SupportsDaylightSavingTime : False

Id                         : Volgograd Standard Time
DisplayName                : (UTC+04:00) Volgograd
StandardName               : Volgograd, normaltid
DaylightName               : Volgograd, sommertid
BaseUtcOffset              : 04:00:00
SupportsDaylightSavingTime : True

Id                         : Caucasus Standard Time
DisplayName                : (UTC+04:00) Yerevan
StandardName               : Kaukasus, normaltid
DaylightName               : Kaukasus, sommertid
BaseUtcOffset              : 04:00:00
SupportsDaylightSavingTime : True

Id                         : Afghanistan Standard Time
DisplayName                : (UTC+04:30) Kabul
StandardName               : Afghanistan, normaltid
DaylightName               : Afghanistan, sommertid
BaseUtcOffset              : 04:30:00
SupportsDaylightSavingTime : False

Id                         : West Asia Standard Time
DisplayName                : (UTC+05:00) Asjgabad, Tashkent
StandardName               : Vestasien, normaltid
DaylightName               : Vestasien, sommertid
BaseUtcOffset              : 05:00:00
SupportsDaylightSavingTime : False

Id                         : Pakistan Standard Time
DisplayName                : (UTC+05:00) Islamabad, Karachi
StandardName               : Pakistan, normaltid
DaylightName               : Pakistan, sommertid
BaseUtcOffset              : 05:00:00
SupportsDaylightSavingTime : True

Id                         : Ekaterinburg Standard Time
DisplayName                : (UTC+05:00) Jekaterinburg
StandardName               : Rusland TZ 4 normaltid
DaylightName               : Rusland TZ 4 sommertid
BaseUtcOffset              : 05:00:00
SupportsDaylightSavingTime : True

Id                         : Qyzylorda Standard Time
DisplayName                : (UTC+05:00) Kyzylorda
StandardName               : Kyzylorda, normaltid
DaylightName               : Kyzylorda, sommertid
BaseUtcOffset              : 05:00:00
SupportsDaylightSavingTime : True

Id                         : India Standard Time
DisplayName                : (UTC+05:30) Chennai, Kolkata, Mumbai, New Delhi
StandardName               : Indien, normaltid
DaylightName               : Indien, sommertid
BaseUtcOffset              : 05:30:00
SupportsDaylightSavingTime : False

Id                         : Sri Lanka Standard Time
DisplayName                : (UTC+05:30) Sri Jayawardenepura
StandardName               : Sri Lanka, normaltid
DaylightName               : Sri Lanka, sommertid
BaseUtcOffset              : 05:30:00
SupportsDaylightSavingTime : False

Id                         : Nepal Standard Time
DisplayName                : (UTC+05:45) Katmandu
StandardName               : Nepal, normaltid
DaylightName               : Nepal, sommertid
BaseUtcOffset              : 05:45:00
SupportsDaylightSavingTime : False

Id                         : Central Asia Standard Time
DisplayName                : (UTC+06:00) Astana
StandardName               : Centralasien, normaltid
DaylightName               : Centralasien, sommertid
BaseUtcOffset              : 06:00:00
SupportsDaylightSavingTime : False

Id                         : Bangladesh Standard Time
DisplayName                : (UTC+06:00) Dhaka
StandardName               : Bangladesh, normaltid
DaylightName               : Bangladesh, sommertid
BaseUtcOffset              : 06:00:00
SupportsDaylightSavingTime : True

Id                         : Omsk Standard Time
DisplayName                : (UTC+06:00) Omsk
StandardName               : Omsk, normaltid
DaylightName               : Omsk, sommertid
BaseUtcOffset              : 06:00:00
SupportsDaylightSavingTime : True

Id                         : Myanmar Standard Time
DisplayName                : (UTC+06:30) Yangon (Rangoon)
StandardName               : Myanmar, normaltid
DaylightName               : Myanmar, sommertid
BaseUtcOffset              : 06:30:00
SupportsDaylightSavingTime : False

Id                         : SE Asia Standard Time
DisplayName                : (UTC+07:00) Bangkok, Hanoi, Djakarta
StandardName               : Sydostasien, normaltid
DaylightName               : Sydostasien, sommertid
BaseUtcOffset              : 07:00:00
SupportsDaylightSavingTime : False

Id                         : Altai Standard Time
DisplayName                : (UTC+07:00) Barnaul, Gorno-Altaysk
StandardName               : Altai, normaltid
DaylightName               : Altai, sommertid
BaseUtcOffset              : 07:00:00
SupportsDaylightSavingTime : True

Id                         : W. Mongolia Standard Time
DisplayName                : (UTC+07:00) Hovd
StandardName               : Vestmongoliet, normaltid
DaylightName               : Vestmongoliet, sommertid
BaseUtcOffset              : 07:00:00
SupportsDaylightSavingTime : True

Id                         : North Asia Standard Time
DisplayName                : (UTC+07:00) Krasnojarsk
StandardName               : Rusland TZ 6 normaltid
DaylightName               : Rusland TZ 6 sommertid
BaseUtcOffset              : 07:00:00
SupportsDaylightSavingTime : True

Id                         : N. Central Asia Standard Time
DisplayName                : (UTC+07:00) Novosibirsk
StandardName               : Novosibirsk, normaltid
DaylightName               : Novosibirsk, sommertid
BaseUtcOffset              : 07:00:00
SupportsDaylightSavingTime : True

Id                         : Tomsk Standard Time
DisplayName                : (UTC+07:00) Tomsk
StandardName               : Tomsk, normaltid
DaylightName               : Tomsk, sommertid
BaseUtcOffset              : 07:00:00
SupportsDaylightSavingTime : True

Id                         : China Standard Time
DisplayName                : (UTC+08:00) Beijing, Chongjin, Hongkong, örÅmqi
StandardName               : Kina, normaltid
DaylightName               : Kina, sommertid
BaseUtcOffset              : 08:00:00
SupportsDaylightSavingTime : False

Id                         : North Asia East Standard Time
DisplayName                : (UTC+08:00) Irkutsk
StandardName               : Rusland TZ 7 normaltid
DaylightName               : Rusland TZ 7 sommertid
BaseUtcOffset              : 08:00:00
SupportsDaylightSavingTime : True

Id                         : Singapore Standard Time
DisplayName                : (UTC+08:00) Kuala Lumpur, Singapore
StandardName               : Halvoen Malaysia, normaltid
DaylightName               : Halvoen Malaysia, sommertid
BaseUtcOffset              : 08:00:00
SupportsDaylightSavingTime : False

Id                         : W. Australia Standard Time
DisplayName                : (UTC+08:00) Perth
StandardName               : Vestaustralien, normaltid
DaylightName               : Vestaustralien, sommertid
BaseUtcOffset              : 08:00:00
SupportsDaylightSavingTime : True

Id                         : Taipei Standard Time
DisplayName                : (UTC+08:00) Taipei
StandardName               : Taipei, normaltid
DaylightName               : Taipei, sommertid
BaseUtcOffset              : 08:00:00
SupportsDaylightSavingTime : False

Id                         : Ulaanbaatar Standard Time
DisplayName                : (UTC+08:00) Ulaanbaatar
StandardName               : Ulaanbaatar, normaltid
DaylightName               : Ulaanbaatar, sommertid
BaseUtcOffset              : 08:00:00
SupportsDaylightSavingTime : True

Id                         : Aus Central W. Standard Time
DisplayName                : (UTC+08:45) Eucla
StandardName               : V. Centralaustralien, normaltid
DaylightName               : V. Centralaustralien, sommertid
BaseUtcOffset              : 08:45:00
SupportsDaylightSavingTime : False

Id                         : Yakutsk Standard Time
DisplayName                : (UTC+09:00) Jakutsk
StandardName               : Rusland TZ 8 normaltid
DaylightName               : Rusland TZ 8 sommertid
BaseUtcOffset              : 09:00:00
SupportsDaylightSavingTime : True

Id                         : Tokyo Standard Time
DisplayName                : (UTC+09:00) Osaka, Sapporo, Tokyo
StandardName               : Tokyo, normaltid
DaylightName               : Tokyo, sommertid
BaseUtcOffset              : 09:00:00
SupportsDaylightSavingTime : False

Id                         : North Korea Standard Time
DisplayName                : (UTC+09:00) Pyongyang
StandardName               : Nordkorea, normal tid
DaylightName               : Nordkorea, sommertid
BaseUtcOffset              : 09:00:00
SupportsDaylightSavingTime : True

Id                         : Korea Standard Time
DisplayName                : (UTC+09:00) Seoul
StandardName               : Korea, normaltid
DaylightName               : Korea, sommertid
BaseUtcOffset              : 09:00:00
SupportsDaylightSavingTime : False

Id                         : Transbaikal Standard Time
DisplayName                : (UTC+09:00) Tjita
StandardName               : Transbajkal, normaltid
DaylightName               : Transbajkal, sommertid
BaseUtcOffset              : 09:00:00
SupportsDaylightSavingTime : True

Id                         : Cen. Australia Standard Time
DisplayName                : (UTC+09:30) Adelaide
StandardName               : Centr. Australien, normaltid
DaylightName               : Centr. Australien, sommertid
BaseUtcOffset              : 09:30:00
SupportsDaylightSavingTime : True

Id                         : AUS Central Standard Time
DisplayName                : (UTC+09:30) Darwin
StandardName               : Centralaustralien, normaltid
DaylightName               : Centralaustralien, sommertid
BaseUtcOffset              : 09:30:00
SupportsDaylightSavingTime : False

Id                         : E. Australia Standard Time
DisplayName                : (UTC+10:00) Brisbane
StandardName               : Ostaustralien, normaltid
DaylightName               : Ostaustralien, sommertid
BaseUtcOffset              : 10:00:00
SupportsDaylightSavingTime : False

Id                         : AUS Eastern Standard Time
DisplayName                : (UTC+10:00) Canberra, Melbourne, Sydney
StandardName               : Australien (ost), normaltid
DaylightName               : Australien (ost), sommertid
BaseUtcOffset              : 10:00:00
SupportsDaylightSavingTime : True

Id                         : West Pacific Standard Time
DisplayName                : (UTC+10:00) Guam, Port Moresby
StandardName               : West Pacific, normaltid
DaylightName               : West Pacific, sommertid
BaseUtcOffset              : 10:00:00
SupportsDaylightSavingTime : False

Id                         : Tasmania Standard Time
DisplayName                : (UTC+10:00) Hobart
StandardName               : Tasmanien, normaltid
DaylightName               : Tasmanien, sommertid
BaseUtcOffset              : 10:00:00
SupportsDaylightSavingTime : True

Id                         : Vladivostok Standard Time
DisplayName                : (UTC+10:00) Vladivostok
StandardName               : Rusland TZ 9 normaltid
DaylightName               : Rusland TZ 9 sommertid
BaseUtcOffset              : 10:00:00
SupportsDaylightSavingTime : True

Id                         : Lord Howe Standard Time
DisplayName                : (UTC+10:30) Lord Howe Island
StandardName               : Lord Howe, normaltid
DaylightName               : Lord Howe, sommertid
BaseUtcOffset              : 10:30:00
SupportsDaylightSavingTime : True

Id                         : Bougainville Standard Time
DisplayName                : (UTC+11:00) Bougainville
StandardName               : Bougainville, normaltid
DaylightName               : Bougainville, sommertid
BaseUtcOffset              : 11:00:00
SupportsDaylightSavingTime : True

Id                         : Russia Time Zone 10
DisplayName                : (UTC+11:00) Chokurdakh
StandardName               : Rusland TZ 10 normaltid
DaylightName               : Rusland TZ 10 sommertid
BaseUtcOffset              : 11:00:00
SupportsDaylightSavingTime : True

Id                         : Magadan Standard Time
DisplayName                : (UTC+11:00) Magadan
StandardName               : Magadan, normaltid
DaylightName               : Magadan, sommertid
BaseUtcOffset              : 11:00:00
SupportsDaylightSavingTime : True

Id                         : Norfolk Standard Time
DisplayName                : (UTC+11:00) Norfolk Island
StandardName               : Norfolk, normaltid
DaylightName               : Norfolk, sommertid
BaseUtcOffset              : 11:00:00
SupportsDaylightSavingTime : True

Id                         : Sakhalin Standard Time
DisplayName                : (UTC+11:00) Sakhalin
StandardName               : Sakhalin, normaltid
DaylightName               : Sakhalin, sommertid
BaseUtcOffset              : 11:00:00
SupportsDaylightSavingTime : True

Id                         : Central Pacific Standard Time
DisplayName                : (UTC+11:00) Salomonoerne, Ny Kaledonien
StandardName               : Central Pacific, normaltid
DaylightName               : Central Pacific, sommertid
BaseUtcOffset              : 11:00:00
SupportsDaylightSavingTime : False

Id                         : Russia Time Zone 11
DisplayName                : (UTC+12:00) Anadyr, Petropavlovsk-Kamtjatskij
StandardName               : Rusland TZ 11 normaltid
DaylightName               : Rusland TZ 11 sommertid
BaseUtcOffset              : 12:00:00
SupportsDaylightSavingTime : True

Id                         : New Zealand Standard Time
DisplayName                : (UTC+12:00) Auckland, Wellington
StandardName               : New Zealand, normaltid
DaylightName               : New Zealand, sommertid
BaseUtcOffset              : 12:00:00
SupportsDaylightSavingTime : True

Id                         : UTC+12
DisplayName                : (UTC+12:00) Coordinated Universal Time+12
StandardName               : UTC+12
DaylightName               : UTC+12
BaseUtcOffset              : 12:00:00
SupportsDaylightSavingTime : False

Id                         : Fiji Standard Time
DisplayName                : (UTC+12:00) Fiji
StandardName               : Fiji, normaltid
DaylightName               : Fiji, sommertid
BaseUtcOffset              : 12:00:00
SupportsDaylightSavingTime : True

Id                         : Kamchatka Standard Time
DisplayName                : (UTC+12:00) Petropavlovsk-Kamchatsky - Forëldet
StandardName               : Kamchatka, normaltid
DaylightName               : Kamchatka, sommertid
BaseUtcOffset              : 12:00:00
SupportsDaylightSavingTime : True

Id                         : Chatham Islands Standard Time
DisplayName                : (UTC+12:45) Chatham-oerne
StandardName               : Chatham-oerne, normaltid
DaylightName               : Chatham-oerne, sommertid
BaseUtcOffset              : 12:45:00
SupportsDaylightSavingTime : True

Id                         : UTC+13
DisplayName                : (UTC+13:00) Coordinated Universal Time+13
StandardName               : UTC+13
DaylightName               : UTC+13
BaseUtcOffset              : 13:00:00
SupportsDaylightSavingTime : False

Id                         : Tonga Standard Time
DisplayName                : (UTC+13:00) Nuku'alofa
StandardName               : Tonga, normaltid
DaylightName               : Tonga, sommertid
BaseUtcOffset              : 13:00:00
SupportsDaylightSavingTime : True

Id                         : Samoa Standard Time
DisplayName                : (UTC+13:00) Samoa
StandardName               : Samoa, normaltid
DaylightName               : Samoa, sommertid
BaseUtcOffset              : 13:00:00
SupportsDaylightSavingTime : True

Id                         : Line Islands Standard Time
DisplayName                : (UTC+14:00) Kiritimati Island
StandardName               : Lineoerne, normaltid
DaylightName               : Lineoerne, sommertid
BaseUtcOffset              : 14:00:00
SupportsDaylightSavingTime : False



